{"cameraMode":{"drawMode":0,"name":"Shaded","section":"Shading Mode"},"sceneLighting":true,"audioPlay":false,"sceneViewState":{"m_AlwaysRefresh":false,"showFog":true,"showSkybox":true,"showFlares":true,"showImageEffects":true,"showParticleSystems":true,"showVisualEffectGraphs":true,"m_FxEnabled":true},"in2DMode":false,"pivot":{"x":2.3916549682617189,"y":0.44354355335235598,"z":4.86678409576416},"rotation":{"x":0.2443362921476364,"y":-0.21788306534290315,"z":0.056458644568920138,"w":0.9432240724563599},"size":7.0698442459106449,"orthographic":false}