{"cameraMode":{"drawMode":0,"name":"Shaded","section":"Shading Mode"},"sceneLighting":true,"audioPlay":false,"sceneViewState":{"m_AlwaysRefresh":false,"showFog":true,"showSkybox":true,"showFlares":true,"showImageEffects":true,"showParticleSystems":true,"showVisualEffectGraphs":true,"m_FxEnabled":true},"in2DMode":false,"pivot":{"x":15.026360511779786,"y":20.474382400512697,"z":-24.552608489990236},"rotation":{"x":0.36821550130844118,"y":-0.31181010603904726,"z":0.13233651220798493,"w":0.8659479022026062},"size":19.592021942138673,"orthographic":false}